<?xml version="1.0" encoding="UTF-8"?>
<project-private xmlns="http://www.netbeans.org/ns/project-private/1">
    <editor-bookmarks xmlns="http://www.netbeans.org/ns/editor-bookmarks/2" lastBookmarkId="1">
        <file>
            <url>src/Game.java</url>
            <bookmark id="1">
                <name/>
                <line>117</line>
                <key/>
            </bookmark>
        </file>
    </editor-bookmarks>
    <open-files xmlns="http://www.netbeans.org/ns/projectui-open-files/2">
        <group>
            <file>file:/C:/Users/Gwyneth/OneDrive%20-%20Upper%20Canada%20District%20School%20Board/Grade%2011/Semester%201/Computer%20Science/Unit%206/Application/TETRIS22%20-%20Final/src/Title_Frame.java</file>
            <file>file:/C:/Users/Gwyneth/OneDrive%20-%20Upper%20Canada%20District%20School%20Board/Grade%2011/Semester%201/Computer%20Science/Unit%206/Application/TETRIS22%20-%20Final/src/YellowBlock.java</file>
            <file>file:/C:/Users/Gwyneth/OneDrive%20-%20Upper%20Canada%20District%20School%20Board/Grade%2011/Semester%201/Computer%20Science/Unit%206/Application/TETRIS22%20-%20Final/src/RedBlock.java</file>
            <file>file:/C:/Users/Gwyneth/OneDrive%20-%20Upper%20Canada%20District%20School%20Board/Grade%2011/Semester%201/Computer%20Science/Unit%206/Application/TETRIS22%20-%20Final/src/OrangeBlock.java</file>
            <file>file:/C:/Users/Gwyneth/OneDrive%20-%20Upper%20Canada%20District%20School%20Board/Grade%2011/Semester%201/Computer%20Science/Unit%206/Application/TETRIS22%20-%20Final/src/End_Frame.java</file>
            <file>file:/C:/Users/Gwyneth/OneDrive%20-%20Upper%20Canada%20District%20School%20Board/Grade%2011/Semester%201/Computer%20Science/Unit%206/Application/TETRIS22%20-%20Final/src/Game.java</file>
            <file>file:/C:/Users/Gwyneth/OneDrive%20-%20Upper%20Canada%20District%20School%20Board/Grade%2011/Semester%201/Computer%20Science/Unit%206/Application/TETRIS22%20-%20Final/src/GreenBlock.java</file>
            <file>file:/C:/Users/Gwyneth/OneDrive%20-%20Upper%20Canada%20District%20School%20Board/Grade%2011/Semester%201/Computer%20Science/Unit%206/Application/TETRIS22%20-%20Final/src/LightBlueBlock.java</file>
            <file>file:/C:/Users/Gwyneth/OneDrive%20-%20Upper%20Canada%20District%20School%20Board/Grade%2011/Semester%201/Computer%20Science/Unit%206/Application/TETRIS22%20-%20Final/src/BlueBlock.java</file>
            <file>file:/C:/Users/Gwyneth/OneDrive%20-%20Upper%20Canada%20District%20School%20Board/Grade%2011/Semester%201/Computer%20Science/Unit%206/Application/TETRIS22%20-%20Final/src/Music.java</file>
            <file>file:/C:/Users/Gwyneth/OneDrive%20-%20Upper%20Canada%20District%20School%20Board/Grade%2011/Semester%201/Computer%20Science/Unit%206/Application/TETRIS22%20-%20Final/src/Block.java</file>
            <file>file:/C:/Users/Gwyneth/OneDrive%20-%20Upper%20Canada%20District%20School%20Board/Grade%2011/Semester%201/Computer%20Science/Unit%206/Application/TETRIS22%20-%20Final/src/PurpleBlock.java</file>
        </group>
    </open-files>
</project-private>
